{
  "advantage_mean": [
    -0.041492940266927084,
    0.7399305013020834,
    0.10247941080729167,
    0.661686279296875,
    -0.8555743001302083,
    1.3071896158854166,
    -1.0858636067708334,
    0.08291765340169271,
    0.24356746419270833,
    0.9286507161458334
  ],
  "advantage_mean_T": [
    250,
    10250,
    20250,
    30250,
    40250,
    50250,
    60250,
    70250,
    80250,
    90250
  ],
  "agent_grad_norm": [
    0.2855459153652191,
    0.3212827742099762,
    0.576994001865387,
    0.7375211119651794,
    0.6197310090065002,
    0.7313857674598694,
    0.8255568742752075,
    0.42472773790359497,
    0.48201924562454224,
    0.3970390856266022
  ],
  "agent_grad_norm_T": [
    250,
    10250,
    20250,
    30250,
    40250,
    50250,
    60250,
    70250,
    80250,
    90250
  ],
  "critic_grad_norm": [
    4.282510280609131,
    3.8623781204223633,
    5.728723526000977,
    10.440449714660645,
    33.342350006103516,
    22.554954528808594,
    27.56619644165039,
    20.638076782226562,
    16.85909652709961,
    25.37474822998047
  ],
  "critic_grad_norm_T": [
    250,
    10250,
    20250,
    30250,
    40250,
    50250,
    60250,
    70250,
    80250,
    90250
  ],
  "critic_loss": [
    19.88614273071289,
    7.9857048988342285,
    12.55022144317627,
    15.870330810546875,
    19.496614456176758,
    11.678045272827148,
    16.724517822265625,
    13.943498611450195,
    7.655989170074463,
    4.83098030090332
  ],
  "critic_loss_T": [
    250,
    10250,
    20250,
    30250,
    40250,
    50250,
    60250,
    70250,
    80250,
    90250
  ],
  "ep_length_mean": [
    25.0,
    25.0,
    25.0,
    25.0,
    25.0,
    25.0,
    25.0,
    25.0,
    25.0,
    25.0
  ],
  "ep_length_mean_T": [
    250,
    10250,
    20250,
    30250,
    40250,
    50250,
    60250,
    70250,
    80250,
    90250
  ],
  "episode": [
    2000
  ],
  "episode_T": [
    50000
  ],
  "pg_loss": [
    0.013241822831332684,
    -0.7402032017707825,
    -0.11243784427642822,
    -0.6828929781913757,
    0.835483968257904,
    -1.3401623964309692,
    1.070001244544983,
    -0.0867030918598175,
    -0.25885847210884094,
    -0.9355172514915466
  ],
  "pg_loss_T": [
    250,
    10250,
    20250,
    30250,
    40250,
    50250,
    60250,
    70250,
    80250,
    90250
  ],
  "pi_max": [
    0.22360288492838543,
    0.37659370930989583,
    0.47341691080729165,
    0.5006850992838542,
    0.5453822021484375,
    0.5476022135416667,
    0.4939676513671875,
    0.5267392171223958,
    0.5866173502604166,
    0.51349169921875
  ],
  "pi_max_T": [
    250,
    10250,
    20250,
    30250,
    40250,
    50250,
    60250,
    70250,
    80250,
    90250
  ],
  "q_taken_mean": [
    -0.023216290791829425,
    0.5028222249348958,
    1.4293717447916667,
    0.5779789632161458,
    1.4277941080729166,
    0.8279349772135417,
    1.40714697265625,
    2.126676920572917,
    3.1104876302083335,
    3.2534973958333335
  ],
  "q_taken_mean_T": [
    250,
    10250,
    20250,
    30250,
    40250,
    50250,
    60250,
    70250,
    80250,
    90250
  ],
  "return_mean": [
    {
      "dtype": "float64",
      "py/object": "numpy.float64",
      "value": -791.119355425842
    },
    {
      "dtype": "float64",
      "py/object": "numpy.float64",
      "value": -665.4087769151598
    },
    {
      "dtype": "float64",
      "py/object": "numpy.float64",
      "value": -633.1061672243065
    },
    {
      "dtype": "float64",
      "py/object": "numpy.float64",
      "value": -612.9059018857511
    },
    {
      "dtype": "float64",
      "py/object": "numpy.float64",
      "value": -607.6589511204678
    },
    {
      "dtype": "float64",
      "py/object": "numpy.float64",
      "value": -615.969317616849
    },
    {
      "dtype": "float64",
      "py/object": "numpy.float64",
      "value": -609.6846867568795
    },
    {
      "dtype": "float64",
      "py/object": "numpy.float64",
      "value": -598.0610731805408
    },
    {
      "dtype": "float64",
      "py/object": "numpy.float64",
      "value": -587.8219164657239
    },
    {
      "dtype": "float64",
      "py/object": "numpy.float64",
      "value": -581.9841515391548
    }
  ],
  "return_mean_T": [
    250,
    10250,
    20250,
    30250,
    40250,
    50250,
    60250,
    70250,
    80250,
    90250
  ],
  "return_std": [
    {
      "dtype": "float64",
      "py/object": "numpy.float64",
      "value": 173.12207670247253
    },
    {
      "dtype": "float64",
      "py/object": "numpy.float64",
      "value": 132.01722905433573
    },
    {
      "dtype": "float64",
      "py/object": "numpy.float64",
      "value": 103.43219182832956
    },
    {
      "dtype": "float64",
      "py/object": "numpy.float64",
      "value": 101.56518303125544
    },
    {
      "dtype": "float64",
      "py/object": "numpy.float64",
      "value": 104.8319403627308
    },
    {
      "dtype": "float64",
      "py/object": "numpy.float64",
      "value": 108.81554230376472
    },
    {
      "dtype": "float64",
      "py/object": "numpy.float64",
      "value": 108.49726587492557
    },
    {
      "dtype": "float64",
      "py/object": "numpy.float64",
      "value": 104.84532221694457
    },
    {
      "dtype": "float64",
      "py/object": "numpy.float64",
      "value": 106.72947653367225
    },
    {
      "dtype": "float64",
      "py/object": "numpy.float64",
      "value": 100.87514433828458
    }
  ],
  "return_std_T": [
    250,
    10250,
    20250,
    30250,
    40250,
    50250,
    60250,
    70250,
    80250,
    90250
  ],
  "target_mean": [
    -0.064709228515625,
    1.242752685546875,
    1.5318512369791666,
    1.2396653645833333,
    0.5722198079427083,
    2.1351248372395832,
    0.3212833251953125,
    2.2095944010416666,
    3.3540550130208335,
    4.182147786458334
  ],
  "target_mean_T": [
    250,
    10250,
    20250,
    30250,
    40250,
    50250,
    60250,
    70250,
    80250,
    90250
  ],
  "td_error_abs": [
    3.3369671223958335,
    2.266951497395833,
    2.7727392578125,
    3.310772786458333,
    3.136083984375,
    2.50706494140625,
    3.0738307291666667,
    3.0285390625,
    2.326044108072917,
    1.7102005208333333
  ],
  "td_error_abs_T": [
    250,
    10250,
    20250,
    30250,
    40250,
    50250,
    60250,
    70250,
    80250,
    90250
  ],
  "test_ep_length_mean": [
    25.0,
    25.0
  ],
  "test_ep_length_mean_T": [
    250,
    50250
  ],
  "test_return_mean": [
    {
      "dtype": "float64",
      "py/object": "numpy.float64",
      "value": -698.2135055037365
    },
    {
      "dtype": "float64",
      "py/object": "numpy.float64",
      "value": -584.8204556171163
    }
  ],
  "test_return_mean_T": [
    250,
    50250
  ],
  "test_return_std": [
    {
      "dtype": "float64",
      "py/object": "numpy.float64",
      "value": 113.06792480987625
    },
    {
      "dtype": "float64",
      "py/object": "numpy.float64",
      "value": 117.31868667217944
    }
  ],
  "test_return_std_T": [
    250,
    50250
  ]
}