{
  "advantage_mean": [
    -0.01920223045349121,
    -0.019257246017456056,
    -0.46200396728515625,
    0.19983486489300087,
    -0.6336370614858774,
    -0.5802069999076225,
    0.07201687013260041,
    -0.11082669099171956,
    -0.02010814242892795,
    0.42091892675026177,
    -0.2903272840711806
  ],
  "advantage_mean_T": [
    250,
    10450,
    20687,
    30912,
    41070,
    51149,
    61272,
    71312,
    81391,
    91574,
    101729
  ],
  "agent_grad_norm": [
    0.7400500178337097,
    0.2951864004135132,
    0.5370579361915588,
    0.9406002163887024,
    1.4376283884048462,
    0.7985746264457703,
    2.4490439891815186,
    0.9872488379478455,
    0.9052397012710571,
    1.22681725025177,
    0.8441534042358398
  ],
  "agent_grad_norm_T": [
    250,
    10450,
    20687,
    30912,
    41070,
    51149,
    61272,
    71312,
    81391,
    91574,
    101729
  ],
  "critic_grad_norm": [
    2.4825899600982666,
    2.561279296875,
    6.223996639251709,
    4.23987340927124,
    10.93000316619873,
    10.122305870056152,
    4.490330696105957,
    7.417792797088623,
    3.8307230472564697,
    14.036417961120605,
    6.551733493804932
  ],
  "critic_grad_norm_T": [
    250,
    10450,
    20687,
    30912,
    41070,
    51149,
    61272,
    71312,
    81391,
    91574,
    101729
  ],
  "critic_loss": [
    4.469638824462891,
    2.915935754776001,
    2.42111873626709,
    4.5175933837890625,
    4.378646373748779,
    3.739267110824585,
    4.447195053100586,
    4.211513042449951,
    3.428431272506714,
    4.281113624572754,
    2.4932491779327393
  ],
  "critic_loss_T": [
    250,
    10450,
    20687,
    30912,
    41070,
    51149,
    61272,
    71312,
    81391,
    91574,
    101729
  ],
  "ep_length_mean": [
    25.0,
    24.878048780487806,
    24.373809523809523,
    23.77906976744186,
    22.573333333333334,
    21.44468085106383,
    20.65918367346939,
    19.686274509803923,
    19.38269230769231,
    18.514545454545456,
    18.463636363636365
  ],
  "ep_length_mean_T": [
    250,
    10450,
    20687,
    30912,
    41070,
    51149,
    61272,
    71312,
    81391,
    91574,
    101729
  ],
  "episode": [
    2140,
    4730
  ],
  "episode_T": [
    50111,
    100174
  ],
  "pg_loss": [
    -0.022443171590566635,
    0.018110517412424088,
    0.4465487003326416,
    -0.215916708111763,
    0.6227585077285767,
    0.5599514245986938,
    -0.08498430997133255,
    0.10023800283670425,
    -0.015477880835533142,
    -0.4461996853351593,
    0.2860892117023468
  ],
  "pg_loss_T": [
    250,
    10450,
    20687,
    30912,
    41070,
    51149,
    61272,
    71312,
    81391,
    91574,
    101729
  ],
  "pi_max": [
    0.24688465881347657,
    0.6794411010742187,
    0.5453198852539063,
    0.5999794171486066,
    0.5648948473808093,
    0.5845508059939822,
    0.6030105822014086,
    0.6475023031234741,
    0.6222140163845487,
    0.6669256465951192,
    0.6574695471561316
  ],
  "pi_max_T": [
    250,
    10450,
    20687,
    30912,
    41070,
    51149,
    61272,
    71312,
    81391,
    91574,
    101729
  ],
  "q_taken_mean": [
    -0.28972286987304685,
    -0.31604541015625,
    0.09433145904541015,
    0.135485265162084,
    1.1865958189352965,
    1.2160217010223113,
    1.2310115929805872,
    1.6807721455891926,
    1.7428687879774305,
    2.413827325879913,
    2.884236961904198
  ],
  "q_taken_mean_T": [
    250,
    10450,
    20687,
    30912,
    41070,
    51149,
    61272,
    71312,
    81391,
    91574,
    101729
  ],
  "return_mean": [
    {
      "dtype": "float64",
      "py/object": "numpy.float64",
      "value": 0.2814285714285715
    },
    {
      "dtype": "float64",
      "py/object": "numpy.float64",
      "value": 0.30747096399535423
    },
    {
      "dtype": "float64",
      "py/object": "numpy.float64",
      "value": 0.4067942176870749
    },
    {
      "dtype": "float64",
      "py/object": "numpy.float64",
      "value": 0.5168355481727575
    },
    {
      "dtype": "float64",
      "py/object": "numpy.float64",
      "value": 0.5861507936507937
    },
    {
      "dtype": "float64",
      "py/object": "numpy.float64",
      "value": 0.6650582573454914
    },
    {
      "dtype": "float64",
      "py/object": "numpy.float64",
      "value": 0.7031924198250729
    },
    {
      "dtype": "float64",
      "py/object": "numpy.float64",
      "value": 0.8021895424836601
    },
    {
      "dtype": "float64",
      "py/object": "numpy.float64",
      "value": 0.8266231684981685
    },
    {
      "dtype": "float64",
      "py/object": "numpy.float64",
      "value": 0.8641103896103897
    },
    {
      "dtype": "float64",
      "py/object": "numpy.float64",
      "value": 0.8468506493506494
    }
  ],
  "return_mean_T": [
    250,
    10450,
    20687,
    30912,
    41070,
    51149,
    61272,
    71312,
    81391,
    91574,
    101729
  ],
  "return_std": [
    {
      "dtype": "float64",
      "py/object": "numpy.float64",
      "value": 0.2754522152797002
    },
    {
      "dtype": "float64",
      "py/object": "numpy.float64",
      "value": 0.2563096920921822
    },
    {
      "dtype": "float64",
      "py/object": "numpy.float64",
      "value": 0.3033587856165536
    },
    {
      "dtype": "float64",
      "py/object": "numpy.float64",
      "value": 0.3097124624555039
    },
    {
      "dtype": "float64",
      "py/object": "numpy.float64",
      "value": 0.32343946962914616
    },
    {
      "dtype": "float64",
      "py/object": "numpy.float64",
      "value": 0.3445832585113919
    },
    {
      "dtype": "float64",
      "py/object": "numpy.float64",
      "value": 0.3550142687364122
    },
    {
      "dtype": "float64",
      "py/object": "numpy.float64",
      "value": 0.30774300445458336
    },
    {
      "dtype": "float64",
      "py/object": "numpy.float64",
      "value": 0.3021730987984784
    },
    {
      "dtype": "float64",
      "py/object": "numpy.float64",
      "value": 0.27574655075414156
    },
    {
      "dtype": "float64",
      "py/object": "numpy.float64",
      "value": 0.27862548899924605
    }
  ],
  "return_std_T": [
    250,
    10450,
    20687,
    30912,
    41070,
    51149,
    61272,
    71312,
    81391,
    91574,
    101729
  ],
  "target_mean": [
    -0.30892510986328126,
    -0.33530264282226563,
    -0.3676725158691406,
    0.3353201135412439,
    0.552958757449419,
    0.635814701114689,
    1.3030284534801135,
    1.5699453353881836,
    1.7227606879340278,
    2.8347463706105027,
    2.5939096778330177
  ],
  "target_mean_T": [
    250,
    10450,
    20687,
    30912,
    41070,
    51149,
    61272,
    71312,
    81391,
    91574,
    101729
  ],
  "td_error_abs": [
    1.30189404296875,
    1.2144970703125,
    1.2268511962890625,
    1.6187585607751624,
    1.918426252837874,
    1.7230125633445945,
    1.8475055116595644,
    1.7066300710042317,
    1.7258017306857638,
    1.7661618891450548,
    1.3389081858625316
  ],
  "td_error_abs_T": [
    250,
    10450,
    20687,
    30912,
    41070,
    51149,
    61272,
    71312,
    81391,
    91574,
    101729
  ],
  "test_ep_length_mean": [
    25.0,
    21.67,
    17.09
  ],
  "test_ep_length_mean_T": [
    250,
    50332,
    100367
  ],
  "test_return_mean": [
    {
      "dtype": "float64",
      "py/object": "numpy.float64",
      "value": 0.2852857142857143
    },
    {
      "dtype": "float64",
      "py/object": "numpy.float64",
      "value": 0.6599166666666667
    },
    {
      "dtype": "float64",
      "py/object": "numpy.float64",
      "value": 0.9209999999999999
    }
  ],
  "test_return_mean_T": [
    250,
    50332,
    100367
  ],
  "test_return_std": [
    {
      "dtype": "float64",
      "py/object": "numpy.float64",
      "value": 0.24493587017598345
    },
    {
      "dtype": "float64",
      "py/object": "numpy.float64",
      "value": 0.3602150818428829
    },
    {
      "dtype": "float64",
      "py/object": "numpy.float64",